<?xml version="1.0" encoding="UTF-8"?>
<beans xmlns="http://www.springframework.org/schema/beans"  
    xmlns:xsi="http://www.w3.org/2001/XMLSchema-instance" 
    xmlns:context="http://www.springframework.org/schema/context"  
    xmlns:tx="http://www.springframework.org/schema/tx" 
    xmlns:mvc="http://www.springframework.org/schema/mvc" 
    xsi:schemaLocation="http://www.springframework.org/schema/mvc     
    http://www.springframework.org/schema/mvc/spring-mvc-3.0.xsd  
	http://www.springframework.org/schema/beans  
	http://www.springframework.org/schema/beans/spring-beans-3.0.xsd  
	http://www.springframework.org/schema/context  
	http://www.springframework.org/schema/context/spring-context-3.0.xsd  
	http://www.springframework.org/schema/tx  
	http://www.springframework.org/schema/tx/spring-tx-3.0.xsd">   
    
    
    
    
    
    
    								<!-- Basic Spring-MVC Support -->
  <!-- ========================================================================================================= -->


    
    
 <!-- Support: Component Scan -->
    <context:component-scan base-package="com.nucleus.springbrd"/>
  
  
  
 <!-- Support: Formatting , Validation , and Conversion  --> 
    <mvc:annotation-driven />  


 <!-- Support: Internal View Resolver  -->    
 	 <bean class="org.springframework.web.servlet.view.InternalResourceViewResolver">
    		<property name="prefix" value="/WEB-INF/jsp/"></property>
  	    	<property name="suffix" value=".jsp"></property>
  	</bean>
    
    
    
    
    
    
    
   
    									<!-- Connection Details -->
<!-- ========================================================================================================= -->    
   
 
 
   
 <!-- Connection Properties --> 
    <bean class="org.springframework.beans.factory.config.PropertyPlaceholderConfigurer">
			<property name="location" value="/WEB-INF/connectionDetails/ConnectionDetails.properties"/>    
    </bean>
    

 
 
 <!-- Connection / Connection Pool -->
			  <bean id="ds" class="org.apache.commons.dbcp.BasicDataSource">
				    <property name="username" value="${ORACLEJDBC.username}"/>
				    <property name="password" value="${ORACLEJDBC.password}"/>
				    <property name="url" value="${ORACLEJDBC.url}"/>
				    <property name="driverClassName" value="${ORACLEJDBC.driver}"/>
				   
				    <property name="initialSize" value="${initialPoolSize}"/>
					<property name="maxIdle" value="${minPoolSize}"/> 
					<property name="minIdle" value="${maxPoolSize}"/>  
					<property name="maxWait" value="${maxIdleTime}"/> 
			    </bean>
   	
   	 
  
   	
   	
   	
   	
<!-- Jdbc Template -->
 		<!-- Refers to DataSource -->  	
   			<bean id="jdbcTemplate" class=" org.springframework.jdbc.core.JdbcTemplate">
   				<property name="dataSource" ref="ds"></property>
   			</bean>
  
  
  
  
  
  
 <!-- Hibernate: Session Factory -->
  	<bean id="sessionFactory" class="org.springframework.orm.hibernate4.LocalSessionFactoryBean">
	    <property name="dataSource" ref="ds" />
	    	<property name="annotatedClasses">
	    	
	    	
	    		<!-- Entity Classes to Annotate -->
	    		<list>
	    			<value>com.nucleus.springbrd.persistance.entity.Customer</value>               
	    			<value>com.nucleus.springbrd.persistance.entity.User</value>               
	    			<value>com.nucleus.springbrd.persistance.entity.Role</value>               
	    		</list>
	    	</property>
   
   
   
   
		   <!-- Hibernate: Properties -->
		    <property name="hibernateProperties">
		    	<props>
		        	<prop key="hibernate.dialect">org.hibernate.dialect.Oracle10gDialect</prop>              
		            <prop key="hibernate.show_sql">true</prop>        
		            <prop key="hibernate.hbm2ddl.auto">update</prop>                  
		        </props>
		    </property>
    </bean>
    
   
   
   


   
   
<!-- Transaction Manager --> 
    <bean id="transactionManager" class="org.springframework.orm.hibernate4.HibernateTransactionManager">
    		<property name="sessionFactory" ref="sessionFactory"/> 
	</bean>	
 	
 	
 	
 	
 	
<!-- @Transactional Support -->
 	<tx:annotation-driven transaction-manager="transactionManager"/>
 	
 	
 <!-- ======================================================================================================= -->	
 	
 	
 	
 	
 	
 	
 	
 	
 	
 	
 							    	<!-- Messages/Resources Used -->	
<!-- ========================================================================================================= -->
 	    
<!-- Resources used --> 
 	<mvc:resources mapping="/resources/**" location="/resources/" cache-period="31556926"/>
     <mvc:resources mapping="/resources/**" location="/resources/theme1/" cache-period="31556926"/>
 	
 	<!-- Custom Messages Support -->
	<bean id="messageSource" class="org.springframework.context.support.ResourceBundleMessageSource">
     		  <property name="basename" value="errmsg" />
    </bean>
 	
    </beans>