<?xml version="1.0" encoding="UTF-8"?>
<beans:beans xmlns="http://www.springframework.org/schema/security"
	xmlns:beans="http://www.springframework.org/schema/beans" xmlns:xsi="http://www.w3.org/2001/XMLSchema-instance"
	xsi:schemaLocation="http://www.springframework.org/schema/beans
	http://www.springframework.org/schema/beans/spring-beans-3.1.xsd
	http://www.springframework.org/schema/security
	http://www.springframework.org/schema/security/spring-security-3.1.xsd">





									<!-- Spring Security Servlet -->
<!-- ========================================================================================================= -->
	<!-- Dispatcher Servlet Properties -->
	<beans:import resource="dispatcher-servlet.xml" />






									<!-- Request Url Interceptors -->
<!-- ========================================================================================================= -->

<!-- Equivalent to "configure(HttpSecurity http)" -->
	<http auto-config="true">
		<intercept-url pattern="/login" access="IS_AUTHENTICATED_ANONYMOUSLY" />
		<intercept-url pattern="/failure" access="IS_AUTHENTICATED_ANONYMOUSLY" />
		<intercept-url pattern="/logout" access="IS_AUTHENTICATED_ANONYMOUSLY" />
		<intercept-url pattern="/*" access="ROLE_ADMIN,ROLE_USER" />
		<intercept-url pattern="/User" access="ROLE_ADMIN" />
		<intercept-url pattern="/adduser" access="ROLE_ADMIN" />
		<intercept-url pattern="/newUser" access="ROLE_ADMIN" />
		<intercept-url pattern="/deleteUser" access="ROLE_ADMIN" />
		<intercept-url pattern="/deleteUser" access="ROLE_ADMIN" />
		<intercept-url pattern="/viewallUser" access="ROLE_ADMIN" />
		<intercept-url pattern="/LogOutUser" access="ROLE_ADMIN" />
		<intercept-url pattern="/**" access="ROLE_USER" />






		<!-- Access Denied  -->
		<access-denied-handler error-page="/errorpage" />


		<!-- Custom Login Authentication  -->
		<form-login login-page="/login" authentication-failure-url="/failure"
			default-target-url="/defaultPage" always-use-default-target="true" />
			

		<!-- Logout/Session Terminator -->
		<logout logout-success-url="/login" />
	</http>








                                             <!-- B-Encryption -->
<!-- ========================================================================================================= -->



<!-- B-crypt User/Admin-Password Encoder -->
	<beans:bean id="pwdEncoder"	class="org.springframework.security.crypto.bcrypt.BCryptPasswordEncoder" />







									<!--Spring Security:  Authentication Manager -->
<!-- ========================================================================================================= -->


<!-- Authentication Provider -->
<!-- configure: Authentication Manager Builder  -->
	<authentication-manager>
		<authentication-provider>
			<password-encoder ref="pwdEncoder" />
				<jdbc-user-service data-source-ref="ds"
					users-by-username-query="select username,password,enabled from nikhil_user where username=?"
					authorities-by-username-query="select u.username,r.role from nikhil_user u,nikhil_role r 
					where u.role_id=r.id and username=?"
				 />

		</authentication-provider>
	</authentication-manager>
</beans:beans>